{
  "duration_seconds": 304.3491220474243,
  "total_requests": 45031,
  "successful_requests": 45031,
  "failed_requests": 0,
  "success_rate": 100.0,
  "requests_per_second": 147.95836997020538,
  "status_codes": {
    "201": 300,
    "200": 44731
  },
  "errors": {},
  "endpoint_metrics": {
    "/conversations": {
      "count": 6342,
      "min": 0.1463031768798828,
      "max": 11.40025019645691,
      "mean": 0.757371753820746,
      "p95": 1.8654212951660156,
      "p99": 8.196341753005981,
      "rps": 20.837911268926796
    },
    "/chat": {
      "count": 29557,
      "min": 0.40650415420532227,
      "max": 8.964741706848145,
      "mean": 2.663009960927188,
      "p95": 3.9521613121032715,
      "p99": 4.96962308883667,
      "rps": 97.11544361016546
    },
    "/health": {
      "count": 3090,
      "min": 0.020567655563354492,
      "max": 0.17273497581481934,
      "mean": 0.051833104855805924,
      "p95": 0.07673501968383789,
      "p99": 0.09929776191711426,
      "rps": 10.152813910593473
    },
    "/conversations/{id}/messages": {
      "count": 6042,
      "min": 0.08617639541625977,
      "max": 3.5059900283813477,
      "mean": 0.6131770824289053,
      "p95": 1.3963348865509033,
      "p99": 2.127329111099243,
      "rps": 19.852201180519664
    }
  },
  "response_time": {
    "min": 0.020567655563354492,
    "max": 11.40025019645691,
    "mean": 1.9404147654703638,
    "median": 2.702540874481201,
    "p50": 2.702540874481201,
    "p75": 3.1153385639190674,
    "p90": 3.4704973697662354,
    "p95": 3.791968822479248,
    "p99": 4.981209993362427,
    "std_dev": 1.4548503855107051
  }
}